Country,ISO3166_1Alpha_3,UNM49,Year,Total,Coal,Oil,Gas,Cement,Flaring,Other,PerCapita,Var13,Var14,Var15,Population,logTotal,linDetrended
Brazil,BRA,76,1856,0.227193,0.227193,NaN,NaN,NaN,NaN,NaN,0.028651,NaN,NaN,NaN,  7929671,-1.48195540246893,-0.202930790403399
Brazil,BRA,76,1857,0.269048,0.269048,NaN,NaN,NaN,NaN,NaN,0.033415,NaN,NaN,NaN,  8051713,-1.31286547663687,-0.0984315308688775
Brazil,BRA,76,1858,0.284547,0.284547,NaN,NaN,NaN,NaN,NaN,0.034804,NaN,NaN,NaN,  8175698,-1.25685683695115,-0.107013557480695
Brazil,BRA,76,1859,0.372714,0.372714,NaN,NaN,NaN,NaN,NaN,0.044898,NaN,NaN,NaN,  8301350,-0.986943909478248,0.0983087036946753
Brazil,BRA,76,1860,0.434898,0.434898,NaN,NaN,NaN,NaN,NaN,0.051595,NaN,NaN,NaN,  8429073,-0.832643758147454,0.188018188727934
Brazil,BRA,76,1861,0.410068,0.410068,NaN,NaN,NaN,NaN,NaN,0.047912,NaN,NaN,NaN,  8558774,-0.891432279377445,0.064639001200408
Brazil,BRA,76,1862,0.355327,0.355327,NaN,NaN,NaN,NaN,NaN,0.040887,NaN,NaN,NaN,  8690464,-1.03471678672307,-0.143236172442758
Brazil,BRA,76,1863,0.425965,0.425965,NaN,NaN,NaN,NaN,NaN,0.048272,NaN,NaN,NaN,  8824267,-0.853398095712467,-0.0265081477296852
Brazil,BRA,76,1864,0.479584,0.479584,NaN,NaN,NaN,NaN,NaN,0.053526,NaN,NaN,NaN,  8959833,-0.734836217519551,0.0274630641656943
Brazil,BRA,76,1865,0.571897,0.571897,NaN,NaN,NaN,NaN,NaN,0.062861,NaN,NaN,NaN,  9097803,-0.558796373746945,0.138912241640765
Brazil,BRA,76,1866,0.646022,0.646022,NaN,NaN,NaN,NaN,NaN,0.069933,NaN,NaN,NaN,  9237728,-0.436921720051864,0.19619622903831
Brazil,BRA,76,1867,0.5547,0.5547,NaN,NaN,NaN,NaN,NaN,0.059137,NaN,NaN,NaN,  9379914,-0.589327851920948,-0.0208005691283093
Brazil,BRA,76,1868,0.752482,0.752482,NaN,NaN,NaN,NaN,NaN,0.079008,NaN,NaN,NaN,  9524124,-0.284378202910981,0.219558413584122
Brazil,BRA,76,1869,0.605044,0.605044,NaN,NaN,NaN,NaN,NaN,0.062521,NaN,NaN,NaN,  9677452,-0.502454096323068,-0.0631081461255003
Brazil,BRA,76,1870,0.698167,0.698167,NaN,NaN,NaN,NaN,NaN,0.070952,NaN,NaN,NaN,  9839990,-0.359296949822354,0.0154583340776777
Brazil,BRA,76,1871,0.844686,0.844686,NaN,NaN,NaN,NaN,NaN,0.084367,NaN,NaN,NaN, 10012043,-0.168790318317608,0.141374299284888
Brazil,BRA,76,1872,0.85838,0.85838,NaN,NaN,NaN,NaN,NaN,0.084206,NaN,NaN,NaN, 10193810,-0.152708387098308,0.0928655642066529
Brazil,BRA,76,1873,1.029011,1.029011,NaN,NaN,NaN,NaN,NaN,0.099079,NaN,NaN,NaN, 10385763,0.0285981467850567,0.209581431792482
Brazil,BRA,76,1874,0.996022,0.996022,NaN,NaN,NaN,NaN,NaN,0.09413,NaN,NaN,NaN, 10581345,-0.00398593328806929,0.136336104884756
Brazil,BRA,76,1875,0.93975,0.93975,NaN,NaN,NaN,NaN,NaN,0.087171,NaN,NaN,NaN, 10780535,-0.0621413965378497,0.0375193948003749
Brazil,BRA,76,1876,0.843065,0.843065,NaN,NaN,NaN,NaN,NaN,0.076757,NaN,NaN,NaN, 10983559,-0.170711218377438,-0.111711673873813
Brazil,BRA,76,1877,0.878429,0.878429,NaN,NaN,NaN,NaN,NaN,0.078498,NaN,NaN,NaN, 11190463,-0.129620194199891,-0.111281896530867
Brazil,BRA,76,1878,0.949458,0.949458,NaN,NaN,NaN,NaN,NaN,0.083278,NaN,NaN,NaN, 11401066,-0.0518639835154071,-0.0741869326809839
Brazil,BRA,76,1879,0.80803,0.80803,NaN,NaN,NaN,NaN,NaN,0.069563,NaN,NaN,NaN, 11615802,-0.213156092437424,-0.276140288437601
Brazil,BRA,76,1880,0.92342,0.92342,NaN,NaN,NaN,NaN,NaN,0.078028,NaN,NaN,NaN, 11834470,-0.0796711100578165,-0.183316552892594
Brazil,BRA,76,1881,1.031042,1.031042,NaN,NaN,NaN,NaN,NaN,0.085511,NaN,NaN,NaN, 12057420,0.0305699413534874,-0.113736748315891
Brazil,BRA,76,1882,0.948135,0.948135,NaN,NaN,NaN,NaN,NaN,0.077181,NaN,NaN,NaN, 12284565,-0.0532583818024627,-0.238226318306441
Brazil,BRA,76,1883,1.170254,1.170254,NaN,NaN,NaN,NaN,NaN,0.093501,NaN,NaN,NaN, 12515952,0.157220819265263,-0.0684083640733163
Brazil,BRA,76,1884,1.282615,1.282615,NaN,NaN,NaN,NaN,NaN,0.100584,NaN,NaN,NaN, 12751680,0.248900962658782,-0.0173894675143973
Brazil,BRA,76,1885,1.215464,1.215464,NaN,NaN,NaN,NaN,NaN,0.093556,NaN,NaN,NaN, 12991834,0.195125896894054,-0.111825780113726
Brazil,BRA,76,1886,1.236031,1.236031,NaN,NaN,NaN,NaN,NaN,0.09338,NaN,NaN,NaN, 13236571,0.211905439627127,-0.135707484215253
Brazil,BRA,76,1887,1.315565,1.315565,NaN,NaN,NaN,NaN,NaN,0.097551,NaN,NaN,NaN, 13485920,0.274266231147925,-0.114007939529055
Brazil,BRA,76,1888,1.283198,1.283198,NaN,NaN,NaN,NaN,NaN,0.093392,NaN,NaN,NaN, 13739913,0.249355399525407,-0.179580017986174
Brazil,BRA,76,1889,1.860401,1.860401,NaN,NaN,NaN,NaN,NaN,0.132758,NaN,NaN,NaN, 14013476,0.620792055886474,0.151195391540292
Brazil,BRA,76,1890,1.713533,1.713533,NaN,NaN,NaN,NaN,NaN,0.119766,NaN,NaN,NaN, 14307341,0.53855732097404,0.0282994097932583
Brazil,BRA,76,1891,2.07202,2.07202,NaN,NaN,NaN,NaN,NaN,0.141704,NaN,NaN,NaN, 14622170,0.728523976860304,0.177604818844922
Brazil,BRA,76,1892,2.145624,2.145624,NaN,NaN,NaN,NaN,NaN,0.143435,NaN,NaN,NaN, 14958859,0.763430419165045,0.171850014315062
Brazil,BRA,76,1893,1.969636,1.969636,NaN,NaN,NaN,NaN,NaN,0.128582,NaN,NaN,NaN, 15318132,0.677848754103923,0.0456071024193399
Brazil,BRA,76,1894,2.308266,2.308266,NaN,NaN,NaN,NaN,NaN,0.147154,NaN,NaN,NaN, 15686057,0.836496593304759,0.163593694785575
Brazil,BRA,76,1895,2.188105,2.188105,NaN,NaN,NaN,NaN,NaN,0.136222,NaN,NaN,NaN, 16062787,0.783035872439377,0.0694717270855926
Brazil,BRA,76,1896,2.615588,2.615588,NaN,NaN,NaN,NaN,NaN,0.159016,NaN,NaN,NaN, 16448584,0.961488928836989,0.207263536648605
Brazil,BRA,76,1897,2.734326,2.734326,NaN,NaN,NaN,NaN,NaN,0.162336,NaN,NaN,NaN, 16843621,1.00588497040328,0.210998331380292
Brazil,BRA,76,1898,2.681303,2.681303,NaN,NaN,NaN,NaN,NaN,0.155454,NaN,NaN,NaN, 17248208,0.986302870398594,0.150754984541009
Brazil,BRA,76,1899,2.612972,2.612972,NaN,NaN,NaN,NaN,NaN,0.148017,NaN,NaN,NaN, 17653188,0.960488270828556,0.0735612340629168
Brazil,BRA,76,1900,2.272218,2.272218,NaN,NaN,NaN,NaN,NaN,0.125825,NaN,NaN,NaN, 18058558,0.820756446960156,-0.117549740713537
Brazil,BRA,76,1901,2.314927,2.314927,0,0,NaN,NaN,NaN,0.125375,NaN,NaN,NaN, 18464024,0.839378153563685,-0.15030718501806
Brazil,BRA,76,1902,2.5545,2.5545,0,0,NaN,NaN,NaN,0.135379,NaN,NaN,NaN, 18869249,0.937856509788716,-0.103207979701083
Brazil,BRA,76,1903,2.442213,2.442213,0,0,NaN,NaN,NaN,0.126709,NaN,NaN,NaN, 19274187,0.892904595471981,-0.199539044925872
Brazil,BRA,76,1904,2.639233,2.639233,0,0,NaN,NaN,NaN,0.134053,NaN,NaN,NaN, 19687982,0.97048834464309,-0.173334446662816
Brazil,BRA,76,1905,2.871745,2.871745,0,0,NaN,NaN,NaN,0.142799,NaN,NaN,NaN, 20110400,1.05491985894323,-0.140282083270732
Brazil,BRA,76,1906,3.248124,3.248124,0,0,NaN,NaN,NaN,0.158121,NaN,NaN,NaN, 20542015,1.1780775989106,-0.068503494211416
Brazil,BRA,76,1907,3.722012,3.722012,0,0,NaN,NaN,NaN,0.177383,NaN,NaN,NaN, 20982913,1.31426438228794,0.0163041382578746
Brazil,BRA,76,1908,3.729627,3.729627,0,0,NaN,NaN,NaN,0.174011,NaN,NaN,NaN, 21433283,1.31630822865539,-0.0330311662827287
Brazil,BRA,76,1909,3.825869,3.825869,0,0,NaN,NaN,NaN,0.174756,NaN,NaN,NaN, 21892633,1.34178563101735,-0.0589329148288267
Brazil,BRA,76,1910,4.58479,4.58479,0,0,NaN,NaN,NaN,0.205033,NaN,NaN,NaN, 22361230,1.52274430313279,0.0706466063785625
Brazil,BRA,76,1911,5.383972,5.383972,0,0,NaN,NaN,NaN,0.235735,NaN,NaN,NaN, 22839086,1.68342639173455,0.17994954407227
Brazil,BRA,76,1912,5.477784,5.477784,0,0,NaN,NaN,NaN,0.234831,NaN,NaN,NaN, 23326494,1.70070063961442,0.145844641044084
Brazil,BRA,76,1913,6.107222,6.107222,0,0,NaN,NaN,NaN,0.256351,NaN,NaN,NaN, 23823671,1.80947200530782,0.203236855829429
Brazil,BRA,76,1914,4.657949,4.657949,0,0,NaN,NaN,NaN,0.191437,NaN,NaN,NaN, 24331498,1.5385752224971,0.0244582654993528
Brazil,BRA,76,1915,3.211753,3.211753,0,0,NaN,NaN,NaN,0.129245,NaN,NaN,NaN, 24850114,1.16681689399936,-0.255181870517751
Brazil,BRA,76,1916,2.735087,2.735087,0,0,NaN,NaN,NaN,0.107767,NaN,NaN,NaN, 25379634,1.00616324524005,-0.323717326796419
Brazil,BRA,76,1917,2.840131,2.840131,0,0,NaN,NaN,NaN,0.10957,NaN,NaN,NaN, 25920699,1.04385017786987,-0.193912201685958
Brazil,BRA,76,1918,2.656656,2.656656,0,0,NaN,NaN,NaN,0.100363,NaN,NaN,NaN, 26470472,0.977068189069492,-0.287094023233542
Brazil,BRA,76,1919,2.96794,2.96794,0,0,NaN,NaN,NaN,0.10981,NaN,NaN,NaN, 27027957,1.08786810946737,-0.202693935582867
Brazil,BRA,76,1920,3.964006,3.964006,0,0,NaN,NaN,NaN,0.143659,NaN,NaN,NaN, 27593162,1.3772551300892,0.0602932522917545
Brazil,BRA,76,1921,2.886595,2.886595,0,0,NaN,NaN,NaN,0.102484,NaN,NaN,NaN, 28166299,1.06007760680821,-0.283284103736446
Brazil,BRA,76,1922,4.026874,4.026874,0,0,NaN,NaN,NaN,0.140077,NaN,NaN,NaN, 28747575,1.39299039257922,0.02322884928736
Brazil,BRA,76,1923,4.792903,4.792903,0,0,NaN,NaN,NaN,0.163376,NaN,NaN,NaN, 29336641,1.56713628212585,0.170974906086785
Brazil,BRA,76,1924,5.319118,5.319118,0,0,NaN,NaN,NaN,0.177671,NaN,NaN,NaN, 29938020,1.67130750013527,0.248746291349007
Brazil,BRA,76,1925,5.341588,5.341588,0,0,NaN,NaN,NaN,0.174838,NaN,NaN,NaN, 30551642,1.6755229870411,0.226561945507628
Brazil,BRA,76,1926,5.4696,5.4696,0,0,NaN,NaN,NaN,0.175433,NaN,NaN,NaN, 31177715,1.69920548761745,0.223844613336768
Brazil,BRA,76,1927,6.038804,6.038804,0,0,NaN,NaN,NaN,0.189799,NaN,NaN,NaN, 31816838,1.79820597909448,0.296445272066595
Brazil,BRA,76,1928,6.083169,6.039558,0,0,0.043611,NaN,NaN,0.187354,NaN,NaN,NaN, 32468850,1.80552577729688,0.277365237521794
Brazil,BRA,76,1929,6.337249,6.290003,0,0,0.047246,NaN,NaN,0.19126,NaN,NaN,NaN, 33134210,1.8464447626103,0.291884390088005
Brazil,BRA,76,1930,5.787529,5.743947,0,0,0.043582,NaN,NaN,0.171162,NaN,NaN,NaN, 33813165,1.75570543019893,0.174745224929434
Brazil,BRA,76,1931,4.77261,4.689021,0,0,0.083589,NaN,NaN,0.138312,NaN,NaN,NaN, 34506117,1.56289332506875,-0.044466712947953
Brazil,BRA,76,1932,4.780364,4.707678,0,0,0.072686,NaN,NaN,0.135756,NaN,NaN,NaN, 35212911,1.56451669423167,-0.0692431765322439
Brazil,BRA,76,1933,5.177471,5.068442,0,0,0.109029,NaN,NaN,0.144082,NaN,NaN,NaN, 35934197,1.64431671311306,-0.0158429903980624
Brazil,BRA,76,1934,5.158076,4.998167,0,0,0.159909,NaN,NaN,0.140661,NaN,NaN,NaN, 36670264,1.64056364174378,-0.0459958945145447
Brazil,BRA,76,1935,5.37823,5.189314,0.007323,0,0.181593,NaN,NaN,0.14372,NaN,NaN,NaN, 37421584,1.68235932376002,-0.0306000452455129
Brazil,BRA,76,1936,5.617306,5.337339,0.040275,0,0.239692,NaN,NaN,0.147096,NaN,NaN,NaN, 38188027,1.72585218954553,-0.0135070122072007
Brazil,BRA,76,1937,6.731251,6.330529,0.117248,0,0.283474,NaN,NaN,0.172728,NaN,NaN,NaN, 38970236,1.90676101048337,0.141001975983428
Brazil,BRA,76,1938,7.179338,6.727227,0.146648,0,0.305463,NaN,NaN,0.180528,NaN,NaN,NaN, 39768557,1.9712071782523,0.179048311005151
Brazil,BRA,76,1939,5.614746,5.140957,0.128319,0,0.34547,NaN,NaN,0.13818,NaN,NaN,NaN, 40633565,1.72539635119216,-0.0931623488021887
Brazil,BRA,76,1940,5.654415,5.137128,0.150224,0,0.367063,NaN,NaN,0.136027,NaN,NaN,NaN, 41568328,1.73243665594108,-0.112521876800477
Brazil,BRA,76,1941,6.28067,5.759808,0.142896,0,0.377966,NaN,NaN,0.14752,NaN,NaN,NaN, 42575041,1.83747666268745,-0.0338817028013139
Brazil,BRA,76,1942,5.866699,5.444969,0.047602,0.003662,0.370466,NaN,NaN,0.134382,NaN,NaN,NaN, 43656881,1.76929212472445,-0.128466073511522
Brazil,BRA,76,1943,6.474922,5.96162,0.131829,0.010986,0.370487,NaN,NaN,0.144474,NaN,NaN,NaN, 44817213,1.867936561181,-0.0562214698021757
Brazil,BRA,76,1944,5.895771,5.408064,0.080608,0.007328,0.399771,NaN,NaN,0.128146,NaN,NaN,NaN, 46008233,1.7742353142413,-0.176322549489083
Brazil,BRA,76,1945,6.822912,6.37536,0.062288,0.003664,0.3816,NaN,NaN,0.144459,NaN,NaN,NaN, 47230785,1.92028636019772,-0.0566713362798685
Brazil,BRA,76,1946,7.460241,6.892264,0.142826,0.018311,0.40684,NaN,NaN,0.153864,NaN,NaN,NaN, 48485942,2.00958771932388,0.00623019009909109
Brazil,BRA,76,1947,8.947467,8.4272,0.065952,0.003664,0.450651,NaN,NaN,0.179761,NaN,NaN,NaN, 49774239,2.19137047547019,0.161613113498191
Brazil,BRA,76,1948,7.847465,7.232736,0.058624,0.007328,0.548777,NaN,NaN,0.15358,NaN,NaN,NaN, 51096920,2.06019054970491,0.00403335498571122
Brazil,BRA,76,1949,7.3668,6.679816,0.043946,0.010987,0.632051,NaN,NaN,0.140348,NaN,NaN,NaN, 52489526,1.99698341923931,-0.555730220968775
Brazil,BRA,76,1950,19.659072,6.382688,12.578512,0.003664,0.68688,0.007328,NaN,0.364358,NaN,NaN,NaN, 53955374,2.97853891116344,-0.0707311745335319
Brazil,BRA,76,1951,21.659348,6.276432,14.645008,0.003664,0.719588,0.014656,NaN,0.389619,NaN,NaN,NaN, 55591098,3.07543713955007,-0.0463303169427829
Brazil,BRA,76,1952,24.934311,6.008077,18.108492,0.003663,0.799425,0.014654,NaN,0.43528,NaN,NaN,NaN, 57283383,3.21624480677353,0.0219799794847995
Brazil,BRA,76,1953,25.218441,5.61976,18.537148,0.007327,1.002917,0.051289,NaN,0.427245,NaN,NaN,NaN, 59025714,3.22757551260705,-0.0391866854775524
Brazil,BRA,76,1954,29.675626,5.75177,22.549137,0.014654,1.235504,0.124561,NaN,0.487865,NaN,NaN,NaN, 60827536,3.39032603547121,0.0510664665907288
Brazil,BRA,76,1955,34.023694,5.861769,26.656394,0.014654,1.369978,0.120899,NaN,0.542634,NaN,NaN,NaN, 62700999,3.52705716425935,0.115300224582992
Brazil,BRA,76,1956,36.608456,5.070976,29.737024,0.01832,1.617256,0.16488,NaN,0.566301,NaN,NaN,NaN, 64644873,3.60027925197346,0.116024941501228
Brazil,BRA,76,1957,35.974079,5.027008,29.05552,0.032976,1.679039,0.179536,NaN,0.539658,NaN,NaN,NaN, 66660883,3.58279865133383,0.0260469700657255
Brazil,BRA,76,1958,39.053928,3.949792,32.855088,0.065952,1.871656,0.31144,NaN,0.568173,NaN,NaN,NaN, 68735980,3.66494346021544,0.0356944081514534
Brazil,BRA,76,1959,39.01708,4.107344,32.474032,0.0916,1.897096,0.447008,NaN,0.55046,NaN,NaN,NaN, 70880863,3.66399949897605,-0.0377469238838164
Brazil,BRA,76,1960,46.851821,4.96472,39.017936,0.113584,2.209645,0.545936,NaN,0.640993,NaN,NaN,NaN, 73092563,3.84698987665905,0.072746083003314
Brazil,BRA,76,1961,49.136047,4.679277,41.472243,0.113592,2.321294,0.549641,NaN,0.652277,NaN,NaN,NaN, 75330032,3.89459292022683,0.0478517557752149
Brazil,BRA,76,1962,53.613247,5.667821,44.825979,0.109912,2.489283,0.520252,NaN,0.690899,NaN,NaN,NaN, 77599254,3.98179618306372,0.0625576478162317
Brazil,BRA,76,1963,55.52304,5.419056,46.910192,0.16488,2.534272,0.49464,NaN,0.694771,NaN,NaN,NaN, 79915598,4.01679806974277,0.0250621636994088
Brazil,BRA,76,1964,56.626315,6.169777,46.998754,0.161206,2.739686,0.556892,NaN,0.688359,NaN,NaN,NaN, 82262766,4.03647380649161,-0.0277594703476334
Brazil,BRA,76,1965,56.279223,6.943731,45.766336,0.194205,2.726381,0.64857,NaN,0.665052,NaN,NaN,NaN, 84623793,4.03032542618074,-0.106405221454382
Brazil,BRA,76,1966,64.162421,8.364912,51.856592,0.245488,2.922325,0.773104,NaN,0.737675,NaN,NaN,NaN, 86979254,4.16141769663688,-0.0478103217941133
Brazil,BRA,76,1967,66.032557,8.123088,53.725232,0.25648,3.085037,0.84272,NaN,0.739254,NaN,NaN,NaN, 89323233,4.19014790827874,-0.0915774809481258
Brazil,BRA,76,1968,77.224149,8.533052,63.977738,0.230821,3.493305,0.989233,NaN,0.842513,NaN,NaN,NaN, 91659297,4.34671221899644,-0.0075105410263081
Brazil,BRA,76,1969,84.088419,9.41648,69.421808,0.234496,3.740563,1.275072,NaN,0.894554,NaN,NaN,NaN, 94000383,4.43186885238372,0.00514872156510204
Brazil,BRA,76,1970,93.488196,8.903868,78.255109,0.153894,4.288291,1.887034,NaN,0.970098,NaN,NaN,NaN, 96369847,4.53783518233564,0.0386176807211438
Brazil,BRA,76,1971,102.337052,8.984128,87.052976,0.249152,4.669468,1.381328,NaN,1.036154,NaN,NaN,NaN, 98766257,4.62827179702107,0.0565569246106925
Brazil,BRA,76,1972,114.018819,9.372512,97.726208,0.2748,5.421523,1.223776,NaN,1.126731,NaN,NaN,NaN,101194357,4.73636351371783,0.0921512705115859
Brazil,BRA,76,1973,132.060773,9.009776,115.364704,0.377392,6.381909,0.926992,NaN,1.273895,NaN,NaN,NaN,103666922,4.88326221814926,0.166552604147141
Brazil,BRA,76,1974,143.015696,9.541056,124.836144,0.692496,7.106944,0.839056,NaN,1.347078,NaN,NaN,NaN,106167346,4.96295438647424,0.173747401676233
Brazil,BRA,76,1975,150.326584,11.061616,129.7056,0.780432,7.972856,0.80608,NaN,1.382943,NaN,NaN,NaN,108700492,5.01281015403958,0.151105798445707
Brazil,BRA,76,1976,154.606986,11.519616,132.208112,0.916,9.120538,0.84272,NaN,1.38927,NaN,NaN,NaN,111286493,5.04088632271325,0.106684596323495
Brazil,BRA,76,1977,162.363353,15.055376,135.2932,1.132176,10.061865,0.820736,NaN,1.424991,NaN,NaN,NaN,113939915,5.08983674339579,0.0831376462101598
Brazil,BRA,76,1978,177.11718,17.707745,145.468777,1.483889,11.438198,1.018571,NaN,1.518177,NaN,NaN,NaN,116664381,5.17681154742437,0.0976150794428596
Brazil,BRA,76,1979,187.787158,18.462536,154.526191,1.630448,12.013845,1.154138,NaN,1.572134,NaN,NaN,NaN,119447298,5.2353091831794,0.0836153444020189
Brazil,BRA,76,1980,186.190693,19.986728,150.210064,1.883259,12.80262,1.308022,NaN,1.522554,NaN,NaN,NaN,122288400,5.22677137970544,0.0461578534507288
Brazil,BRA,76,1981,171.324425,19.723312,135.527696,1.68544,12.640249,1.747728,NaN,1.368755,NaN,NaN,NaN,125168072,5.14355898127189,-0.0659742324601504
Brazil,BRA,76,1982,171.499695,21.551648,133.193728,2.3816,12.243935,2.128784,NaN,1.33916,NaN,NaN,NaN,128065127,5.14458148817876,-0.0938714130306098
Brazil,BRA,76,1983,165.8998,23.926447,125.740255,3.378282,9.802637,3.052179,NaN,1.266629,NaN,NaN,NaN,130977421,5.11138399165016,-0.155988597036534
Brazil,BRA,76,1984,167.567454,28.996896,122.062496,4.169632,8.736718,3.601712,NaN,1.251542,NaN,NaN,NaN,133888798,5.12138598064679,-0.17490629551723
Brazil,BRA,76,1985,180.110732,34.870994,127.517108,4.994133,9.280603,3.447894,NaN,1.316761,NaN,NaN,NaN,136783161,5.19357183952371,-0.131640124117646
Brazil,BRA,76,1986,197.2384,35.123104,142.375712,5.986976,11.121856,2.630752,NaN,1.412444,NaN,NaN,NaN,139643342,5.28441314937818,-0.069718501740498
Brazil,BRA,76,1987,205.967678,40.234384,145.541408,6.639168,11.299358,2.25336,NaN,1.445729,NaN,NaN,NaN,142466311,5.32771925356641,-0.0553320850296011
Brazil,BRA,76,1988,207.695274,39.776384,147.651872,6.840688,11.125338,2.300992,NaN,1.429877,NaN,NaN,NaN,145253944,5.33607197665112,-0.0758990494222251
Brazil,BRA,76,1989,212.071063,39.930272,151.57968,7.306016,11.140967,2.114128,NaN,1.43288,NaN,NaN,NaN,148003366,5.35692142133428,-0.0839692922163833
Brazil,BRA,76,1990,214.97,37.094715,151.775296,7.483989,11.062,7.554,3.688,1.450887,NaN,NaN,NaN,148164537,5.37049848350804,-0.0993119175199517
Brazil,BRA,76,1991,225.639,42.466107,156.700232,7.335661,11.776,7.361,3.755,1.496017,NaN,NaN,NaN,150826495,5.41893637702363,-0.0797937114816971
Brazil,BRA,76,1992,229.653,41.203075,163.251665,7.98326,9.77,7.445,3.948,1.498395,NaN,NaN,NaN,153265995,5.43656947404376,-0.0910803019388924
Brazil,BRA,76,1993,240.064999,42.34261,171.252419,8.72997,10.164,7.576,4.241,1.541938,NaN,NaN,NaN,155690436,5.48090971584106,-0.0756597476189214
Brazil,BRA,76,1994,249.904001,43.666838,179.161864,8.985299,10.086,8.004,4.098,1.577844,NaN,NaN,NaN,158383212,5.5210768481169,-0.0644123028204078
Brazil,BRA,76,1995,264.573999,45.582308,190.346969,9.602722,11.528,7.514,4.104,1.643136,NaN,NaN,NaN,161017712,5.57812098154638,-0.0362878568682579
Brazil,BRA,76,1996,285.063,46.468484,206.281426,10.60809,13.884,7.821,4.248,1.742448,NaN,NaN,NaN,163599143,5.6527102084717,0.00938168257972727
Brazil,BRA,76,1997,302.611,47.044057,219.832627,11.863316,15.267,8.604,4.338,1.821151,NaN,NaN,NaN,166164695,5.71244815231285,0.0401999389435561
Brazil,BRA,76,1998,313.218,45.590741,229.57814,12.411119,16.175,9.463,4.141,1.855469,NaN,NaN,NaN,168807994,5.74689943372961,0.0457315328829786
Brazil,BRA,76,1999,322.904,46.804688,235.468487,14.068825,16.439,10.123,4.352,1.886351,NaN,NaN,NaN,171179171,5.77735506542364,0.0472674770996866
Brazil,BRA,76,2000,335.175,50.460434,239.488193,18.442373,16.047,10.737,5.008,1.934246,NaN,NaN,NaN,173284577,5.81465278348762,0.0556455076863411
Brazil,BRA,76,2001,341.355,49.426704,241.794706,23.18559,15.227,11.721,4.811,1.942441,NaN,NaN,NaN,175735067,5.83292299147929,0.0449960282006794
Brazil,BRA,76,2002,342.808999,48.688815,239.219326,29.292858,14.39,11.218,4.956,1.926925,NaN,NaN,NaN,177904692,5.83717343783764,0.0203267870816948
Brazil,BRA,76,2003,339.581,51.933112,232.433668,30.91922,13.096,11.199,5.064,1.887129,NaN,NaN,NaN,179945833,5.82771250469771,-0.0180538335355589
Brazil,BRA,76,2004,355.928999,53.832656,239.768252,38.215091,13.273,10.84,5.505,1.956637,NaN,NaN,NaN,181908550,5.87473126994979,4.5244239192499e-05
Brazil,BRA,76,2005,359.015,50.948421,240.221198,39.619381,14.349,13.877,5.356,1.950622,NaN,NaN,NaN,184051549,5.88336417034521,-0.020241542842717
Brazil,BRA,76,2006,363.461,50.837875,242.248571,42.052554,15.44,12.882,5.41,1.953552,NaN,NaN,NaN,186051357,5.89567200098373,-0.0368533996815277
Brazil,BRA,76,2007,384.907,54.989055,256.003342,43.245603,17.2,13.469,5.666,2.047249,NaN,NaN,NaN,188011815,5.95300174666629,-0.00844334147629411
Brazil,BRA,76,2008,406.947999,55.315497,267.238809,51.302693,18.884,14.207,5.69,2.141657,NaN,NaN,NaN,190015488,6.00868541069498,0.0183206350750673
Brazil,BRA,76,2009,384.715,43.586053,262.705409,40.958538,19.031,18.434,5.06,2.003804,NaN,NaN,NaN,191992331,5.95250280041999,-0.0667816626772497
Brazil,BRA,76,2010,434.319,56.688185,286.079991,55.048824,21.288,15.214,5.95,2.242226,NaN,NaN,NaN,193699921,6.07377928714474,0.0255751365701711
Brazil,BRA,76,2011,456.243,62.292401,303.885017,53.100582,22.845,14.12,6.337,2.334078,NaN,NaN,NaN,195470331,6.12302556231325,0.045901724261352
Brazil,BRA,76,2012,491.906,61.016471,327.733969,63.39656,24.998,14.761,6.403,2.491823,NaN,NaN,NaN,197408082,6.19828764132804,0.0922441157988159
Brazil,BRA,76,2013,525.932,65.604089,342.338124,74.703787,26.652,16.634,6.486,2.639368,NaN,NaN,NaN,199264369,6.26517192681411,0.130208713807546
Brazil,BRA,76,2014,551.623,69.033897,356.753378,81.285725,26.908,17.642,6.278,2.742072,NaN,NaN,NaN,201170137,6.31286484193165,0.14898194144777
Brazil,BRA,76,2015,522.961,69.451663,330.358576,80.464761,25.082,17.604,6.392,2.579841,NaN,NaN,NaN,202710555,6.25950689149478,0.066704303533565
Brazil,BRA,76,2016,486.356,63.831218,312.939113,69.665669,22.415,17.505,6.392,2.382041,NaN,NaN,NaN,204176167,6.18694086603384,-0.0347814094047028
Brazil,BRA,76,2017,491.874425,67.321879,316.142655,70.687793,20.217098,17.505,6.392,2.38971,NaN,NaN,NaN,205830174,6.1982234501748,-0.0524185127410739
Brazil,BRA,76,2018,471.98712,65.840737,300.730263,67.417075,20.494045,17.505,6.392,2.27619,NaN,NaN,NaN,207358402,6.15695169707763,-0.122609953315568
