Country,ISO 3166-1 alpha-3,UN M49,Year,Total,Coal,Oil,Gas,Cement,Flaring,Other,Per Capita,,,
China,CHN,156,1907,19.893871,19.893871,0,0,0,0,0,0.048403,,,
China,CHN,156,1908,22.735853,22.735853,0,0,0,0,0,0.055021,,,
China,CHN,156,1909,24.251576,24.251576,0,0,0,0,0,0.05831,,,
China,CHN,156,1910,25.009438,25.009438,0,0,0,0,0,0.05968,,,
China,CHN,156,1911,24.630507,24.630507,0,0,0,0,0,0.058271,,,
China,CHN,156,1912,17.029154,17.029154,0,0,0,0,0,0.039899,,,
China,CHN,156,1913,24.251576,24.251576,0,0,0,0,0,0.056213,,,
China,CHN,156,1914,26.718416,26.718416,0,0,0,0,0,0.061269,,,
China,CHN,156,1915,25.420578,25.420578,0,0,0,0,0,0.05767,,,
China,CHN,156,1916,30.130689,30.130689,0,0,0,0,0,0.067625,,,
China,CHN,156,1917,32.023449,32.023449,0,0,0,0,0,0.071104,,,
China,CHN,156,1918,34.747962,34.747962,0,0,0,0,0,0.076313,,,
China,CHN,156,1919,37.997294,37.997294,0,0,0,0,0,0.082664,,,
China,CHN,156,1920,40.278458,40.278458,0,0,0,0,0,0.086932,,,
China,CHN,156,1921,38.762734,38.762734,0,0,0,0,0,0.083121,,,
China,CHN,156,1922,39.971524,39.971524,0,0,0,0,0,0.085285,,,
China,CHN,156,1923,46.517555,46.517555,0,0,0,0,0,0.098901,,,
China,CHN,156,1924,48.846085,48.846085,0,0,0,0,0,0.103485,,,
China,CHN,156,1925,45.954842,45.954842,0,0,0,0,0,0.097016,,,
China,CHN,156,1926,43.660165,43.652837,0.007328,0,0,0,0,0.091846,,,
China,CHN,156,1927,45.808577,45.797586,0.010991,0,0,0,0,0.096025,,,
China,CHN,156,1928,47.591441,47.540668,0.010991,0,0.039782,0,0,0.09941,,,
China,CHN,156,1929,48.281827,48.194324,0.010992,0,0.076511,0,0,0.100448,,,
China,CHN,156,1930,49.558455,49.331117,0.153888,0,0.073451,0,0,0.102641,,,
China,CHN,156,1931,51.904658,51.619859,0.186864,0,0.097934,0,0,0.106968,,,
China,CHN,156,1932,50.269152,49.973404,0.216176,0,0.079572,0,0,0.103035,,,
China,CHN,156,1933,54.11118,53.730504,0.267449,0,0.113227,0,0,0.110257,,,
China,CHN,156,1934,62.382628,62.002565,0.282128,0,0.097934,0,0,0.126361,,,
China,CHN,156,1935,72.645968,72.057496,0.432379,0,0.156093,0,0,0.146284,,,
China,CHN,156,1936,75.477252,74.539493,0.509296,0,0.428463,0,0,0.151089,,,
China,CHN,156,1937,70.968653,69.937378,0.593604,0,0.437671,0,0,0.141227,,,
China,CHN,156,1938,61.365519,60.520945,0.835392,0,0.009181,0,0,0.121397,,,
China,CHN,156,1939,74.426991,73.02377,1.179808,0,0.223413,0,0,0.146388,,,
China,CHN,156,1940,90.790528,88.722876,1.795284,0,0.272368,0,0,0.177567,,,
China,CHN,156,1941,113.978569,111.449256,2.03352,0,0.495793,0,0,0.22169,,,
China,CHN,156,1942,127.613381,124.452269,2.506176,0,0.654936,0,0,0.246875,,,
China,CHN,156,1943,108.994548,107.402274,0.95264,0,0.639634,0,0,0.209749,,,
China,CHN,156,1944,103.003568,101.898303,0.615575,0,0.48969,0,0,0.197179,,,
China,CHN,156,1945,55.892207,55.335276,0.538569,0,0.018361,0,0,0.106432,,,
China,CHN,156,1946,36.107047,35.805179,0.216176,0,0.085693,0,0,0.068395,,,
China,CHN,156,1947,41.836135,41.50051,0.161198,0,0.174427,0,0,0.078832,,,
China,CHN,156,1948,38.400105,38.093921,0.223538,0,0.082645,0,0,0.071977,,,
China,CHN,156,1949,62.081099,61.443642,0.362736,0,0.27472,0,0,0.11541,,,
China,CHN,156,1950,78.835287,77.614512,0.619216,0.014656,0.586903,0,0,0.144923,,,
China,CHN,156,1951,102.115213,100.133456,0.937984,0.007328,1.036445,0,0,0.184452,,,
China,CHN,156,1952,127.999326,125.444368,1.33736,0.014656,1.202942,0,0,0.226566,,,
China,CHN,156,1953,133.782883,130.236986,1.908892,0.021983,1.615023,0,0,0.231707,,,
China,CHN,156,1954,160.87741,155.591889,3.341492,0.029311,1.914718,0,0,0.272703,,,
China,CHN,156,1955,190.521461,183.196336,5.419056,0.032976,1.873093,0,0,0.315788,,,
China,CHN,156,1956,215.823984,205.022784,8.093776,0.047632,2.659792,0,0,0.350203,,,
China,CHN,156,1957,255.784962,243.809709,8.98792,0.131906,2.855427,0,0,0.406006,,,
China,CHN,156,1958,524.617059,508.174816,12.358672,0.212512,3.871059,0,0,0.814886,,,
China,CHN,156,1959,720.151557,695.438192,19.049136,0.556928,5.107301,0,0,1.104223,,,
China,CHN,156,1960,798.799921,748.375664,22.9916,1.993216,6.514202,0,18.925239,1.221088,,,
China,CHN,156,1961,570.630187,522.475408,22.335744,2.817616,2.584869,0,20.41655,0.870845,,,
China,CHN,156,1962,459.618074,411.9252,21.76416,2.322976,2.497458,0,21.10828,0.691556,,,
China,CHN,156,1963,456.779449,406.128498,23.270259,1.956592,3.354918,0,22.069181,0.6679,,,
China,CHN,156,1964,460.637094,401.574106,27.729385,2.029873,5.032377,0,24.271353,0.653763,,,
China,CHN,156,1965,500.286364,432.9932,34.998528,2.110464,6.80141,0,23.382762,0.69115,,,
China,CHN,156,1966,549.459318,469.765473,44.5466,2.568446,8.387295,0,24.191504,0.739566,,,
China,CHN,156,1967,460.225895,383.598816,42.498736,2.799296,6.085472,0,25.243576,0.60476,,,
China,CHN,156,1968,495.506566,412.720288,48.650592,2.685712,5.252986,0,26.196988,0.634962,,,
China,CHN,156,1969,607.683366,501.176576,66.84968,3.759264,7.613083,0,28.284762,0.758248,,,
China,CHN,156,1970,807.952627,665.866048,94.644784,5.503328,10.718256,0,31.220211,0.982272,,,
China,CHN,156,1971,909.2097,736.42428,120.090762,7.174082,13.124041,0.791421,31.605115,1.078176,,,
China,CHN,156,1972,968.645596,770.72177,138.327537,9.280949,14.717164,1.02226,34.575917,1.122624,,,
China,CHN,156,1973,1008.292576,783.741289,158.819143,11.468277,15.455909,1.264075,37.543884,1.14364,,,
China,CHN,156,1974,1028.099867,776.101152,182.573456,14.439824,15.340213,1.634144,38.011078,1.143136,,,
China,CHN,156,1975,1183.214956,906.63848,204.191056,16.971648,19.102242,1.90528,34.40625,1.292955,,,
China,CHN,156,1976,1226.421277,910.389543,238.985133,19.367963,19.25301,1.905286,36.520343,1.319618,,,
China,CHN,156,1977,1340.831115,998.608544,257.483936,23.237088,22.905977,2.18008,36.415489,1.42251,,,
China,CHN,156,1978,1492.777845,1117.44672,281.992432,26.285536,26.810098,2.737008,37.506052,1.562891,,,
China,CHN,156,1979,1525.661148,1147.547329,278.426677,27.776716,30.319954,3.063096,38.527375,1.57561,,,
China,CHN,156,1980,1494.495884,1122.664256,273.202496,27.318784,32.712365,3.011808,35.586175,1.521313,,,
China,CHN,156,1981,1476.487854,1125.00473,256.374392,24.387646,33.902721,2.689383,34.128983,1.480545,,,
China,CHN,156,1982,1606.585013,1248.85608,257.810032,22.9,38.869883,2.524496,35.624522,1.585211,,,
China,CHN,156,1983,1694.216811,1321.84296,263.77136,23.438608,44.126482,2.671056,38.366345,1.646106,linear,spline,PCHIP
China,CHN,156,1984,1844.828012,1454.197632,271.451104,24.226368,50.065792,3.213328,41.673789,1.766785,Flaring,,
China,CHN,156,1985,1998.082904,1584.511456,284.593872,24.819936,59.301036,,44.856604,1.884557,3.2657,3.7687,3.3277
China,CHN,156,1986,2104.213354,1657.391354,303.068297,26.351535,67.361985,,50.040183,1.952376,2.218,4.2255,3.4253
China,CHN,156,1987,2257.738539,1770.268928,321.523328,26.60064,75.428702,,63.916942,2.058381,3.3703,4.5789,3.5074
China,CHN,156,1988,2425.893553,1892.697824,343.129936,27.311456,84.960637,,77.7937,2.173954,3.4227,4.8238,3.5748
China,CHN,156,1989,2463.654367,1920.239372,354.441244,28.821068,84.886084,,75.2666,2.17174,3.475,4.9552,3.6289
China,CHN,156,1990,2484.85482,1976.684032,330.29128,29.301008,84.5131,,64.0654,2.153806,3.5273,4.9682,3.6706
China,CHN,156,1991,2606.096182,2049.920064,356.027216,30.7776,101.305072,,68.06623,2.226241,3.5979,4.8579,3.7012
China,CHN,156,1992,2730.787587,2114.714976,385.793018,30.23895,122.445142,,77.595502,2.306772,3.632,4.6191,3.7216
China,CHN,156,1993,2921.650956,2228.745248,428.548768,35.727664,142.773793,,85.855483,2.443147,3.6843,4.2471,3.7331
China,CHN,156,1994,3103.738693,2380.585832,423.711771,41.568029,164.376768,3.736648,89.759644,2.570838,,,
China,CHN,156,1995,3361.637235,2569.753728,468.229888,42.436448,184.6369,3.728346,92.851924,2.759638,,,
China,CHN,156,1996,3508.818147,2660.401088,510.622368,44.469968,192.853167,5.584443,94.887113,2.856649,,,
China,CHN,156,1997,3515.594229,2609.55576,557.961248,44.158528,202.87375,5.424943,95.62,2.840192,,,
China,CHN,156,1998,3364.587594,2444.771024,559.261968,50.500912,211.368717,4.132161,94.552813,2.6985,,,
China,CHN,156,1999,3557.274601,2580.992136,596.751382,54.571558,228.321991,4.432534,92.205,2.833504,,,
China,CHN,156,2000,3649.226559,2601.762432,648.685552,59.79648,244.3882,4.736708,89.857187,2.88682,,,
China,CHN,156,2001,3728.509817,2637.651312,659.30016,67.157456,270.828174,4.782715,88.79,2.929515,,,
China,CHN,156,2002,4103.046354,3018.637696,653.086016,53.992704,282.688245,4.485693,90.156,3.203187,,,
China,CHN,156,2003,4841.11869,3601.712,727.098816,60.745456,353.679249,5.179579,92.70359,3.756086,,,
China,CHN,156,2004,5217.350873,3835.288336,839.09264,71.52128,368.396371,5.192006,97.86024,4.023198,,,
China,CHN,156,2005,5882.106219,4424.35328,850.172576,84.957168,411.648776,5.587519,105.3869,4.507749,,,
China,CHN,156,2006,6494.330723,4905.366864,898.533712,103.753488,470.086624,5.534235,111.0558,4.945851,,,
China,CHN,156,2007,6983.547409,5289.874352,927.351072,129.515072,514.980844,4.964769,116.8613,5.284508,,,
China,CHN,156,2008,7501.497554,5729.472936,970.117764,149.674475,525.924483,4.665596,121.6423,5.639515,,,
China,CHN,156,2009,7891.078305,6028.48912,982.347712,164.40368,583.560264,4.556529,127.721,5.89271,,,
China,CHN,156,2010,8620.575738,6568.74307,1092.57135,199.585321,639.591911,3.974086,116.11,6.394178,,,
China,CHN,156,2011,9532.33211,7309.709312,1123.85872,245.989968,708.56429,3.85332,140.3565,7.024069,,,
China,CHN,156,2012,9779.292069,7464.744144,1176.71192,277.599296,714.781655,3.732554,141.7225,7.156134,,,
China,CHN,156,2013,9956.32887,7493.407616,1234.62144,320.127344,748.323128,3.632474,156.216868,7.235177,,,
China,CHN,156,2014,9990.257301,7424.993408,1255.605168,370.221552,770.283647,3.930359,165.223167,7.212194,,,
China,CHN,156,2015,9863.456796,7266.920203,1328.805062,380.052208,718.559014,3.901279,165.21903,7.077095,,,
China,CHN,156,2016,9762.713692,7071.35512,1357.838096,421.7264,740.776162,3.090373,167.927541,6.963967,,,
China,CHN,156,2017,10006.34297,7163.255568,1430.586816,486.35936,753.438754,2.969262,169.733211,7.095308,,,
China,CHN,156,2018,10332.99239,7316.3668,1500.473952,575.368912,765.835485,3.408357,171.538883,7.291804,,,
China,CHN,156,2019,10713.98482,7523.023728,1559.72816,630.17136,819.965475,3.83925,177.256846,7.535168,,,
China,CHN,156,2020,10905.69296,7679.483856,1523.05152,676.473328,849.9757,5.169677,171.538883,7.653495,,,
China,CHN,156,2021,11447.91286,8141.342048,1521.1096,765.332656,843.777256,4.81242,171.538883,8.028589,,,
China,CHN,156,2022,11350.53767,8168.899261,1489.342065,760.058737,756.020364,4.678356,171.538883,7.960333,,,
China,CHN,156,2023,11902.50316,8550.843681,1642.826795,814.782937,718.017031,4.493834,171.538883,8.348701,,,