Country,ISO3166_1Alpha_3,UNM49,Year,Total,Coal,Oil,Gas,Cement,Flaring,Other,PerCapita,Population
France,FRA,250,1810,2.121456,2.121456,NaN,NaN,NaN,NaN,NaN,0.070452,30100000
France,FRA,250,1811,2.05184,2.05184,NaN,NaN,NaN,NaN,NaN,0.067886,30200000
France,FRA,250,1812,2.21672,2.21672,NaN,NaN,NaN,NaN,NaN,0.073067,30300000
France,FRA,250,1813,2.048176,2.048176,NaN,NaN,NaN,NaN,NaN,0.06726,30400000
France,FRA,250,1814,2.092144,2.092144,NaN,NaN,NaN,NaN,NaN,0.068448,30600000
France,FRA,250,1815,2.341296,2.341296,NaN,NaN,NaN,NaN,NaN,0.076314,30700000
France,FRA,250,1816,2.498848,2.498848,NaN,NaN,NaN,NaN,NaN,0.081145,30800000
France,FRA,250,1817,2.660064,2.660064,NaN,NaN,NaN,NaN,NaN,0.086059,30900000
France,FRA,250,1818,2.3816,2.3816,NaN,NaN,NaN,NaN,NaN,0.076762,31000000
France,FRA,250,1819,2.557472,2.557472,NaN,NaN,NaN,NaN,NaN,0.08208,31200000
France,FRA,250,1820,2.901888,2.901888,NaN,NaN,NaN,NaN,NaN,0.092689,31250000
France,FRA,250,1821,3.011808,3.011808,NaN,NaN,NaN,NaN,NaN,0.09569,31460000
France,FRA,250,1822,3.16936,3.16936,NaN,NaN,NaN,NaN,NaN,0.10011,31685000
France,FRA,250,1823,3.16936,3.16936,NaN,NaN,NaN,NaN,NaN,0.099475,31905000
France,FRA,250,1824,3.51744,3.51744,NaN,NaN,NaN,NaN,NaN,0.109701,32127000
France,FRA,250,1825,3.95712,3.95712,NaN,NaN,NaN,NaN,NaN,0.122632,32350000
France,FRA,250,1826,4.089024,4.089024,NaN,NaN,NaN,NaN,NaN,0.125917,32538000
France,FRA,250,1827,5.910032,5.910032,NaN,NaN,NaN,NaN,NaN,0.18084,32727000
France,FRA,250,1828,6.243456,6.243456,NaN,NaN,NaN,NaN,NaN,0.189832,32917000
France,FRA,250,1829,6.074912,6.074912,NaN,NaN,NaN,NaN,NaN,0.183599,33108000
France,FRA,250,1830,6.551232,6.551232,NaN,NaN,NaN,NaN,NaN,0.196872,33300000
France,FRA,250,1831,6.052928,6.052928,NaN,NaN,NaN,NaN,NaN,0.180926,33439000
France,FRA,250,1832,6.679472,6.679472,NaN,NaN,NaN,NaN,NaN,0.198653,33598000
France,FRA,250,1833,7.247392,7.247392,NaN,NaN,NaN,NaN,NaN,0.214534,33718000
France,FRA,250,1834,8.92184,8.92184,NaN,NaN,NaN,NaN,NaN,0.262863,33859000
France,FRA,250,1835,9.258928,9.258928,NaN,NaN,NaN,NaN,NaN,0.271517,34000000
France,FRA,250,1836,10.636592,10.636592,NaN,NaN,NaN,NaN,NaN,0.310456,34178000
France,FRA,250,1837,11.351072,11.351072,NaN,NaN,NaN,NaN,NaN,0.329758,34357000
France,FRA,250,1838,11.867696,11.867696,NaN,NaN,NaN,NaN,NaN,0.343152,34537000
France,FRA,250,1839,11.570912,11.570912,NaN,NaN,NaN,NaN,NaN,0.333045,34718000
France,FRA,250,1840,11.79808,11.79808,NaN,NaN,NaN,NaN,NaN,0.338078,34900000
France,FRA,250,1841,13.820608,13.820608,NaN,NaN,NaN,NaN,NaN,0.394326,35059000
France,FRA,250,1842,14.52776,14.52776,NaN,NaN,NaN,NaN,NaN,0.412767,35218000
France,FRA,250,1843,14.549744,14.549744,NaN,NaN,NaN,NaN,NaN,0.411711,35378000
France,FRA,250,1844,15.26056,15.26056,NaN,NaN,NaN,NaN,NaN,0.43007,35539000
France,FRA,250,1845,17.836352,17.836352,NaN,NaN,NaN,NaN,NaN,0.500617,35700000
France,FRA,250,1846,18.528848,18.528848,NaN,NaN,NaN,NaN,NaN,0.51794,35829000
France,FRA,250,1847,20.840832,20.840832,NaN,NaN,NaN,NaN,NaN,0.580199,35959000
France,FRA,250,1848,16.68952,16.68952,NaN,NaN,NaN,NaN,NaN,0.46274,36089000
France,FRA,250,1849,17.38568,17.38568,NaN,NaN,NaN,NaN,NaN,0.480226,36219000
France,FRA,250,1850,19.617056,19.617056,NaN,NaN,NaN,NaN,NaN,0.539982,36350000
France,FRA,250,1851,20.038416,20.038416,NaN,NaN,NaN,NaN,NaN,0.549989,36479000
France,FRA,250,1852,21.569968,21.569968,NaN,NaN,NaN,NaN,NaN,0.590491,36609000
France,FRA,250,1853,25.340224,25.340224,NaN,NaN,NaN,NaN,NaN,0.692113,36739000
France,FRA,250,1854,29.213072,29.213072,NaN,NaN,NaN,NaN,NaN,0.796061,36869000
France,FRA,250,1855,33.071264,33.034624,0.03664,NaN,NaN,NaN,NaN,0.89913,37000000
France,FRA,250,1856,34.632128,34.591824,0.040304,NaN,NaN,NaN,NaN,0.939406,37060000
France,FRA,250,1857,35.280656,35.236688,0.043968,NaN,NaN,NaN,NaN,0.954802,37120000
France,FRA,250,1858,34.595488,34.547856,0.047632,NaN,NaN,NaN,NaN,0.934111,37180000
France,FRA,250,1859,34.9912,34.943573,0.047627,NaN,NaN,NaN,NaN,0.942547,37240000
France,FRA,250,1860,38.131248,38.083621,0.047627,NaN,NaN,NaN,NaN,1.024596,37300000
France,FRA,250,1861,41.241984,41.194352,0.047632,NaN,NaN,NaN,NaN,1.105354,37390000
France,FRA,250,1862,43.524656,43.477024,0.047632,NaN,NaN,NaN,NaN,1.163456,37520000
France,FRA,250,1863,44.18784,44.136544,0.051296,NaN,NaN,NaN,NaN,1.177967,37710000
France,FRA,250,1864,46.829584,46.774624,0.05496,NaN,NaN,NaN,NaN,1.244992,37860000
France,FRA,250,1865,49.302784,49.24416,0.058624,NaN,NaN,NaN,NaN,1.307174,38020000
France,FRA,250,1866,53.560352,53.498064,0.062288,NaN,NaN,NaN,NaN,1.416189,38080000
France,FRA,250,1867,54.278496,54.212544,0.065952,NaN,NaN,NaN,NaN,1.431269,38230000
France,FRA,250,1868,55.531584,55.465628,0.065956,NaN,NaN,NaN,NaN,1.460325,38330000
France,FRA,250,1869,56.942224,56.876272,0.065952,NaN,NaN,NaN,NaN,1.493778,38890000
France,FRA,250,1870,50.537552,50.4716,0.065952,NaN,NaN,NaN,NaN,1.322922,38440000
France,FRA,250,1871,50.262752,50.1968,0.065952,NaN,NaN,NaN,NaN,1.313289,37731000
France,FRA,250,1872,60.924992,60.855376,0.069616,NaN,NaN,NaN,NaN,1.589385,37679000
France,FRA,250,1873,65.849408,65.776128,0.07328,NaN,NaN,NaN,NaN,1.715657,37887000
France,FRA,250,1874,62.643408,62.566464,0.076944,NaN,NaN,NaN,NaN,1.630042,38044000
France,FRA,250,1875,65.259504,65.167904,0.0916,NaN,NaN,NaN,NaN,1.695947,38221000
France,FRA,250,1876,65.358432,65.25217,0.106262,NaN,NaN,NaN,NaN,1.696348,38398000
France,FRA,250,1877,63.925808,63.804889,0.120919,NaN,NaN,NaN,NaN,1.657046,38576000
France,FRA,250,1878,65.222864,65.068985,0.153879,NaN,NaN,NaN,NaN,1.688508,38763000
France,FRA,250,1879,67.498208,67.315008,0.1832,NaN,NaN,NaN,NaN,1.74487,38909000
France,FRA,250,1880,76.148912,75.932736,0.216176,NaN,NaN,NaN,NaN,1.96528,39045000
France,FRA,250,1881,77.984576,77.739088,0.245488,NaN,NaN,NaN,NaN,2.009011,39191000
France,FRA,250,1882,82.308096,82.033296,0.2748,NaN,NaN,NaN,NaN,2.116176,39337000
France,FRA,250,1883,86.320176,86.0124,0.307776,NaN,NaN,NaN,NaN,2.214524,39472000
France,FRA,250,1884,82.912656,82.560896,0.35176,NaN,NaN,NaN,NaN,2.122499,39629000
France,FRA,250,1885,79.713984,79.208352,0.505632,NaN,NaN,NaN,NaN,2.036198,39733000
France,FRA,250,1886,79.072784,78.534176,0.538608,NaN,NaN,NaN,NaN,2.015447,39858000
France,FRA,250,1887,83.290048,82.736808,0.55324,NaN,NaN,NaN,NaN,2.118343,39889000
France,FRA,250,1888,86.6536,86.08568,0.56792,NaN,NaN,NaN,NaN,2.199118,39920000
France,FRA,250,1889,88.79704,88.214464,0.582576,NaN,NaN,NaN,NaN,2.249089,40004000
France,FRA,250,1890,97.817808,97.220576,0.597232,NaN,NaN,NaN,NaN,2.473202,40014000
France,FRA,250,1891,97.982688,97.3708,0.611888,NaN,NaN,NaN,NaN,2.473498,39983000
France,FRA,250,1892,98.12192,97.491712,0.630208,NaN,NaN,NaN,NaN,2.473634,39993000
France,FRA,250,1893,96.330224,95.68536,0.644864,NaN,NaN,NaN,NaN,2.425638,40014000
France,FRA,250,1894,101.899504,101.239984,0.65952,NaN,NaN,NaN,NaN,2.562888,40056000
France,FRA,250,1895,102.7752,102.068073,0.707127,NaN,NaN,NaN,NaN,2.581903,40098000
France,FRA,250,1896,106.281648,105.545184,0.736464,NaN,NaN,NaN,NaN,2.666883,40192000
France,FRA,250,1897,111.261024,110.447616,0.813408,NaN,NaN,NaN,NaN,2.788578,40348000
France,FRA,250,1898,115.045936,114.155584,0.890352,NaN,NaN,NaN,NaN,2.880084,40473000
France,FRA,250,1899,120.300112,119.472048,0.828064,NaN,NaN,NaN,NaN,3.008063,40546000
France,FRA,250,1900,129.276912,128.540448,0.736464,NaN,NaN,NaN,NaN,3.228656,40598000
France,FRA,250,1901,125.004688,124.297536,0.707152,NaN,NaN,NaN,NaN,3.118172,40640000
France,FRA,250,1902,117.662032,117.017188,0.644844,NaN,NaN,NaN,NaN,2.931406,40713000
France,FRA,250,1903,129.342864,128.7896,0.553264,NaN,NaN,NaN,NaN,3.218407,40786000
France,FRA,250,1904,125.997632,125.554288,0.443344,NaN,NaN,NaN,NaN,3.131264,40859000
France,FRA,250,1905,127.426592,126.983248,0.443344,NaN,NaN,NaN,NaN,3.162833,40890000
France,FRA,250,1906,136.568272,136.139584,0.428688,NaN,NaN,NaN,NaN,3.385516,40942000
France,FRA,250,1907,145.596368,145.182336,0.414032,NaN,NaN,NaN,NaN,3.604827,40942000
France,FRA,250,1908,146.713888,146.314512,0.399376,NaN,NaN,NaN,NaN,3.627973,41046000
France,FRA,250,1909,150.09576,149.71104,0.38472,NaN,NaN,NaN,NaN,3.712234,41109000
France,FRA,250,1910,150.612384,150.245975,0.366409,NaN,NaN,NaN,NaN,3.730906,41224000
France,FRA,250,1911,156.907136,156.555392,0.351744,NaN,NaN,NaN,NaN,3.898482,41307000
France,FRA,250,1912,158.57792,158.240832,0.337088,NaN,NaN,NaN,NaN,3.957399,41359000
France,FRA,250,1913,171.112464,170.841328,0.271136,NaN,NaN,NaN,NaN,4.295199,41463000
France,FRA,250,1914,118.600016,118.350864,0.249152,NaN,NaN,NaN,NaN,2.988186,41476000
France,FRA,250,1915,103.460368,103.2332,0.227168,NaN,NaN,NaN,NaN,2.621743,40481000
France,FRA,250,1916,109.894352,109.689168,0.205184,NaN,NaN,NaN,NaN,2.802007,39884000
France,FRA,250,1917,121.787696,121.604496,0.1832,NaN,NaN,NaN,NaN,3.124566,39288000
France,FRA,250,1918,108.450736,108.28952,0.161216,NaN,NaN,NaN,NaN,2.802082,38542000
France,FRA,250,1919,116.141472,115.994907,0.146565,NaN,NaN,NaN,NaN,3.010273,38700000
France,FRA,250,1920,151.777536,151.517392,0.260144,NaN,NaN,NaN,NaN,3.936835,39000000
France,FRA,250,1921,137.909296,137.616168,0.293128,NaN,NaN,NaN,NaN,3.571103,39240000
France,FRA,250,1922,163.150592,162.35184,0.798752,NaN,NaN,NaN,NaN,4.207447,39420000
France,FRA,250,1923,184.18928,182.441552,1.747728,NaN,NaN,NaN,NaN,4.719319,39880000
France,FRA,250,1924,206.634944,203.341008,3.293936,NaN,NaN,NaN,NaN,5.260218,40310000
France,FRA,250,1925,213.827376,200.01776,13.809616,NaN,NaN,NaN,NaN,5.408144,40610000
France,FRA,250,1926,213.732112,207.389837,6.342275,NaN,NaN,NaN,NaN,5.370808,40870000
France,FRA,250,1927,213.039616,212.849088,0.190528,NaN,NaN,NaN,NaN,5.318819,40940000
France,FRA,250,1928,211.619158,209.152112,0.370064,NaN,2.096982,NaN,NaN,5.249219,41050000
France,FRA,250,1929,234.282086,230.930928,0.490976,NaN,2.860182,NaN,NaN,5.783117,41230000
France,FRA,250,1930,237.634191,233.851136,1.315376,NaN,2.467679,NaN,NaN,5.846641,41610000
France,FRA,250,1931,217.493539,213.706464,1.363008,NaN,2.424067,NaN,NaN,5.342034,41860000
France,FRA,250,1932,191.775419,186.479382,2.810234,NaN,2.485803,NaN,NaN,4.709818,41860000
France,FRA,250,1933,199.387062,189.11736,7.9692,NaN,2.300502,NaN,NaN,4.903997,41890000
France,FRA,250,1934,201.350074,188.20136,10.739184,NaN,2.40953,NaN,NaN,4.959606,41950000
France,FRA,250,1935,195.372329,178.451774,14.74366,NaN,2.176895,NaN,NaN,4.819484,41940000
France,FRA,250,1936,198.079074,178.814549,16.971334,NaN,2.293191,NaN,NaN,4.893484,41910000
France,FRA,250,1937,217.705002,198.585136,17.015616,NaN,2.10425,NaN,NaN,5.386295,41930000
France,FRA,250,1938,203.79732,182.239677,19.558787,NaN,1.998856,NaN,NaN,5.000134,41960000
France,FRA,250,1939,196.510486,177.059136,17.557888,NaN,1.893462,NaN,NaN,4.824415,41900000
France,FRA,250,1940,139.525156,127.349648,10.38744,NaN,1.788068,NaN,NaN,3.412488,41000000
France,FRA,250,1941,125.208938,118.244608,5.281656,NaN,1.682674,NaN,NaN,2.966542,39600000
France,FRA,250,1942,122.495737,121.080544,0.175872,0.003664,1.235657,NaN,NaN,3.022199,39400000
France,FRA,250,1943,125.245676,123.517053,0.20519,0.076946,1.446487,NaN,NaN,3.078889,39000000
France,FRA,250,1944,79.986445,78.9592,0.179536,0.113584,0.734125,NaN,NaN,1.95919,38900000
France,FRA,250,1945,107.165641,105.332672,0.908672,0.14656,0.777737,NaN,NaN,2.615438,39700000
France,FRA,250,1946,165.245171,156.790076,7.221584,0.18686,1.046651,NaN,NaN,4.018335,40290000
France,FRA,250,1947,183.624109,167.953783,13.271273,0.49465,1.904403,NaN,NaN,4.449131,40680000
France,FRA,250,1948,196.500553,172.618814,20.609616,0.611877,2.660246,NaN,NaN,4.743919,41110000
France,FRA,250,1949,229.050913,195.774848,29.260704,0.831728,3.183633,NaN,NaN,5.503638,41480000
France,FRA,250,1950,202.278638,166.85059,31.419369,0.447016,3.561663,NaN,NaN,4.834303,41842355
France,FRA,250,1951,228.729004,186.970256,37.185936,0.556928,4.015884,NaN,NaN,5.420548,42196657
France,FRA,250,1952,226.986494,181.829664,40.318656,0.564256,4.273918,NaN,NaN,5.335536,42542401
France,FRA,250,1953,214.548204,166.627728,42.79552,0.523952,4.601004,NaN,NaN,5.003072,42883297
France,FRA,250,1954,226.351858,172.138384,48.793488,0.60456,4.815426,NaN,NaN,5.236518,43225643
France,FRA,250,1955,238.981794,179.38944,53.618976,0.725472,5.247906,NaN,NaN,5.482007,43593851
France,FRA,250,1956,268.499314,201.710528,60.243488,0.890352,5.654946,NaN,NaN,6.107918,43959221
France,FRA,250,1957,277.497037,207.481328,62.63608,1.146832,6.232797,NaN,NaN,6.25866,44338091
France,FRA,250,1958,266.153718,190.83944,67.318672,1.366672,6.628934,NaN,NaN,5.94699,44754358
France,FRA,250,1959,261.890109,180.331088,71.79608,2.843264,6.919677,NaN,NaN,5.793792,45201849
France,FRA,250,1960,296.602184,198.423867,84.931976,6.239441,7.0069,NaN,NaN,6.495947,45659575
France,FRA,250,1961,316.220039,205.201315,94.466745,8.948958,7.603021,NaN,NaN,6.85304,46143030
France,FRA,250,1962,333.476882,208.841878,105.84613,10.444558,8.344316,NaN,NaN,7.150757,46635189
France,FRA,250,1963,338.58191,200.501147,119.388694,9.729924,8.962145,NaN,NaN,7.185334,47121247
France,FRA,250,1964,369.539687,204.279111,143.837198,10.778447,10.644931,NaN,NaN,7.756603,47641952
France,FRA,250,1965,364.230379,184.803951,157.921165,10.449771,11.055492,NaN,NaN,7.561541,48168804
France,FRA,250,1966,381.13907,181.279283,176.667236,11.675505,11.517046,NaN,NaN,7.828983,48683086
France,FRA,250,1967,405.496124,177.176872,203.069209,13.198757,12.051286,NaN,NaN,8.244906,49181410
France,FRA,250,1968,419.073378,169.804215,221.078114,15.641866,12.549183,NaN,NaN,8.441014,49647279
France,FRA,250,1969,444.280083,167.719073,245.048515,17.898467,13.614028,NaN,NaN,8.870159,50087049
France,FRA,250,1970,461.337711,153.821182,273.299006,19.880152,14.337371,NaN,NaN,9.131136,50523586
France,FRA,250,1971,494.426705,142.694489,307.901068,23.927202,14.192393,5.711553,NaN,9.700215,50970698
France,FRA,250,1972,514.987866,126.446251,339.989764,28.424405,14.544995,5.582451,NaN,10.0172,51410363
France,FRA,250,1973,539.771644,121.058599,365.986828,32.599494,14.81188,5.314843,NaN,10.417471,51814075
France,FRA,250,1974,521.90637,121.554223,345.889252,33.951352,15.466331,5.045212,NaN,10.005192,52163552
France,FRA,250,1975,483.271539,110.385729,314.936172,39.17491,14.032649,4.742079,NaN,9.213942,52450030
France,FRA,250,1976,524.454592,124.554857,340.818123,40.329579,13.824303,4.92773,NaN,9.954483,52685266
France,FRA,250,1977,508.118872,123.799279,323.026834,42.841332,13.442837,5.00859,NaN,9.600654,52925442
France,FRA,250,1978,529.908417,120.308152,345.547272,46.185504,12.953727,4.913762,NaN,9.96531,53175309
France,FRA,250,1979,533.253998,126.289241,340.974654,49.002789,13.20875,3.778564,NaN,9.980651,53428781
France,FRA,250,1980,512.217522,127.310302,318.881534,49.953385,13.220485,2.851816,NaN,9.536045,53713830
France,FRA,250,1981,460.490651,112.028054,282.906051,50.945896,12.710101,1.900549,NaN,8.52496,54016749
France,FRA,250,1982,441.564163,115.040754,264.879002,49.027423,11.66857,0.948414,NaN,8.128996,54319646
France,FRA,250,1983,425.825284875,101.822224,258.225594,53.568469,10.838803,1.370194875,NaN,7.774988,54592379
France,FRA,250,1984,414.96102275,100.265301,248.019558,54.926577,9.957611,1.79197575,NaN,7.53326,54845980
France,FRA,250,1985,408.528022625,97.291502,241.929842,56.868462,10.22446,2.213756625,NaN,7.37304,55108106
France,FRA,250,1986,394.0833035,79.747602,244.759276,56.832742,10.108146,2.6355375,NaN,7.069463,55371639
France,FRA,250,1987,391.908947375,74.706032,249.572077,54.531225,10.042295,3.057318375,NaN,6.988513,55641541
France,FRA,250,1988,389.98515825,76.869116,244.174515,54.778395,10.684033,3.47909925,NaN,6.912821,55911478
France,FRA,250,1989,404.229598125,80.875629,252.494289,55.736258,11.222542,3.900880125,NaN,7.127098,56169948
France,FRA,250,1990,388.720393,80.439583,233.972079,59.048771,10.937299,4.322661,4.996901,6.979207,56412897
France,FRA,250,1991,412.979516,85.988694,245.485035,66.697806,10.386081,4.4219,4.879591,7.376777,56645215
France,FRA,250,1992,402.911118,77.892066,243.54753,67.707963,9.343435,4.420124,4.404823,7.162978,56864048
France,FRA,250,1993,383.215009,63.036296,239.495494,67.873561,8.591869,4.217789,4.484184,6.795335,57053732
France,FRA,250,1994,376.062738,61.766399,233.578549,67.462426,8.775433,4.479931,4.730319,6.653724,57230065
France,FRA,250,1995,380.919139,62.935237,236.348362,68.639373,8.6354,4.360767,4.890743,6.719044,57420354
France,FRA,250,1996,397.371114,65.289717,243.36005,75.755055,8.435577,4.530715,4.785341,6.979075,57623178
France,FRA,250,1997,389.843784,61.266115,240.949861,75.040512,8.111454,4.475842,5.001282,6.82658,57839363
France,FRA,250,1998,408.22352,71.286278,247.030861,76.827395,8.686273,4.392713,5.035085,7.115292,58080344
France,FRA,250,1999,407.115143,66.370029,247.610604,80.664085,8.386277,4.084148,4.905681,7.060929,58352208
France,FRA,250,2000,401.331408,65.66755,238.715188,84.160324,8.560925,4.227421,4.807789,6.92297,58665453
France,FRA,250,2001,405.812033,56.01029,248.683805,88.274233,8.65533,4.188375,4.633414,6.954961,59014772
France,FRA,250,2002,401.287866,58.578615,242.251677,87.872564,8.642742,3.942268,4.658676,6.837249,59372786
France,FRA,250,2003,407.32663,59.183882,244.12045,91.563759,8.55568,3.902859,4.638246,6.897319,59728262
France,FRA,250,2004,408.643062,58.253692,244.202106,93.193848,9.064842,3.928574,4.736428,6.877229,60108438
France,FRA,250,2005,411.298581,62.071422,241.280279,94.907553,9.108285,3.931042,4.496482,6.871501,60510079
France,FRA,250,2006,401.560458,59.520725,236.189082,92.312692,9.307099,4.23086,4.596491,6.667147,60919150
France,FRA,250,2007,391.461036,61.413051,226.862758,89.180054,9.477921,4.527252,4.549301,6.457107,61329376
France,FRA,250,2008,384.697893,56.22463,222.804963,91.985857,8.879584,4.802859,4.395873,6.304073,61721009
France,FRA,250,2009,367.000937,45.205028,218.919321,90.678942,7.679229,4.518417,3.87492,5.972881,62093296
France,FRA,250,2010,372.447967,49.121602,215.220619,96.098775,7.887542,4.119429,4.009246,6.028662,62444567
France,FRA,250,2011,350.151778,42.130709,208.439416,87.628408,8.065248,3.887997,4.223015,5.645134,62775268
France,FRA,250,2012,352.301956,46.798952,204.283473,90.402427,7.50186,3.315244,4.137513,5.651363,63071416
France,FRA,250,2013,354.4098,49.560443,203.475782,91.015626,7.299551,3.058398,4.293028,5.663564,63335180
France,FRA,250,2014,322.621179,39.554058,196.835776,76.290593,6.97462,2.966132,4.221203,5.139961,63588491
France,FRA,250,2015,327.490095,38.042769,198.717737,81.258138,6.606094,2.865357,4.000123,5.194976,63809769
France,FRA,250,2016,330.401974,35.924131,196.022212,88.940858,6.639023,2.87575,3.797897,5.222745,63989319
France,FRA,250,2017,333.3838,39.939311,194.974615,89.162745,6.483218,2.823911,3.717625,5.255378,64144086
France,FRA,250,2018,317.926182,35.137881,188.515789,84.658132,6.7013,2.91308,4.013513,5.008567,64277808
France,FRA,250,2019,311.10995,29.45061,186.420226,85.921024,6.806672,2.511418,3.905355,4.89156,64399759
France,FRA,250,2020,276.781077,23.937105,164.502757,80.00525,6.197229,2.138736,3.708939,4.350028,64480053
France,FRA,250,2021,301.533468,30.505194,178.538276,84.289199,6.49459,1.706209,4.073773,4.735788,64531444
France,FRA,250,2022,289.776539,25.993764,179.440916,76.353305,6.396732,1.591822,3.725112,4.541497,64626628
France,FRA,250,2023,268.805033,19.635839,174.552801,66.651055,6.396732,1.568606,3.670785,4.207693,64756584
